<?xml version="1.0" encoding="UTF-8"?>
<project-private xmlns="http://www.netbeans.org/ns/project-private/1">
    <editor-bookmarks xmlns="http://www.netbeans.org/ns/editor-bookmarks/2" lastBookmarkId="0"/>
    <open-files xmlns="http://www.netbeans.org/ns/projectui-open-files/2">
        <group>
            <file>file:/E:/Agustin/Desktop/Proyectos%20netbeans%20algoritmos/PredictorTrieADN/src/TNodoTrie.java</file>
            <file>file:/E:/Agustin/Desktop/Proyectos%20netbeans%20algoritmos/PredictorTrieADN/src/IArbolTrie.java</file>
            <file>file:/E:/Agustin/Desktop/Proyectos%20netbeans%20algoritmos/PredictorTrieADN/src/TArbolTrie.java</file>
            <file>file:/E:/Agustin/Desktop/Proyectos%20netbeans%20algoritmos/PredictorTrieADN/src/Main.java</file>
            <file>file:/E:/Agustin/Desktop/Proyectos%20netbeans%20algoritmos/PredictorTrieADN/src/ManejadorArchivosGenerico.java</file>
            <file>file:/E:/Agustin/Desktop/Proyectos%20netbeans%20algoritmos/PredictorTrieADN/src/INodoTrie.java</file>
        </group>
    </open-files>
</project-private>
