<?xml version="1.0" encoding="UTF-8"?>
<project-private xmlns="http://www.netbeans.org/ns/project-private/1">
    <editor-bookmarks xmlns="http://www.netbeans.org/ns/editor-bookmarks/2" lastBookmarkId="0"/>
    <open-files xmlns="http://www.netbeans.org/ns/projectui-open-files/2">
        <group>
            <file>file:/E:/ucudal/Estructura%20de%20Datos/TBL/AED2-2019/UT3%20-%20Mapas,%20Diccionarios%20y%20Hashing/codigo/UT3_TA1/src/ut3_ta1/Main.java</file>
            <file>file:/E:/ucudal/Estructura%20de%20Datos/TBL/AED2-2019/UT3%20-%20Mapas,%20Diccionarios%20y%20Hashing/codigo/UT3_TA1/src/ut3_ta1/IHash.java</file>
        </group>
    </open-files>
</project-private>
