<?xml version="1.0" encoding="UTF-8"?>
<project-private xmlns="http://www.netbeans.org/ns/project-private/1">
    <editor-bookmarks xmlns="http://www.netbeans.org/ns/editor-bookmarks/2" lastBookmarkId="0"/>
    <open-files xmlns="http://www.netbeans.org/ns/projectui-open-files/2">
        <group>
            <file>file:/E:/ucudal/Estructura%20de%20Datos/TBL/AED2-2018/UT2%20-%20Arboles%20Genéricos%20y%20Tries/PD7/codigo%20y%20datos%20pd7/src/ManejadorArchivosGenerico.java</file>
            <file>file:/E:/ucudal/Estructura%20de%20Datos/TBL/AED2-2018/UT2%20-%20Arboles%20Genéricos%20y%20Tries/PD7/codigo%20y%20datos%20pd7/src/IArbolTrie.java</file>
            <file>file:/E:/ucudal/Estructura%20de%20Datos/TBL/AED2-2018/UT2%20-%20Arboles%20Genéricos%20y%20Tries/PD7/codigo%20y%20datos%20pd7/src/INodoTrie.java</file>
            <file>file:/E:/ucudal/Estructura%20de%20Datos/TBL/AED2-2018/UT2%20-%20Arboles%20Genéricos%20y%20Tries/PD7/codigo%20y%20datos%20pd7/src/TAbonado.java</file>
            <file>file:/E:/ucudal/Estructura%20de%20Datos/TBL/AED2-2018/UT2%20-%20Arboles%20Genéricos%20y%20Tries/PD7/codigo%20y%20datos%20pd7/src/Main.java</file>
            <file>file:/E:/ucudal/Estructura%20de%20Datos/TBL/AED2-2018/UT2%20-%20Arboles%20Genéricos%20y%20Tries/PD7/codigo%20y%20datos%20pd7/src/codigos1.txt</file>
            <file>file:/E:/ucudal/Estructura%20de%20Datos/TBL/AED2-2018/UT2%20-%20Arboles%20Genéricos%20y%20Tries/PD7/codigo%20y%20datos%20pd7/src/abonados.txt</file>
        </group>
    </open-files>
</project-private>
