<?xml version="1.0" encoding="UTF-8"?>
<project-private xmlns="http://www.netbeans.org/ns/project-private/1">
    <editor-bookmarks xmlns="http://www.netbeans.org/ns/editor-bookmarks/2" lastBookmarkId="0"/>
    <open-files xmlns="http://www.netbeans.org/ns/projectui-open-files/2">
        <group>
            <file>file:/C:/Users/usuario/Desktop/Parcial1-PARTE%203/Parcial1-2018/src/TNodoTrie.java</file>
            <file>file:/C:/Users/usuario/Desktop/Parcial1-PARTE%203/Parcial1-2018/src/TDispositivo.java</file>
            <file>file:/C:/Users/usuario/Desktop/Parcial1-PARTE%203/Parcial1-2018/src/dispositivos.txt</file>
            <file>file:/C:/Users/usuario/Desktop/Parcial1-PARTE%203/Parcial1-2018/src/Main.java</file>
        </group>
    </open-files>
</project-private>
